epoch,time,train/box_loss,train/cls_loss,train/dfl_loss,metrics/precision(B),metrics/recall(B),metrics/mAP50(B),metrics/mAP50-95(B),val/box_loss,val/cls_loss,val/dfl_loss,lr/pg0,lr/pg1,lr/pg2
1,139.01,1.07001,1.39749,1.29395,0.0489,0.38235,0.05431,0.01465,2.78139,2.61521,3.21251,0.0706,0.00326667,0.00326667
2,277.54,0.60388,0.50954,0.93101,0.00317,0.12941,0.0018,0.00045,4.28363,5.26222,5.31932,0.0399466,0.0059466,0.0059466
3,409.225,0.57754,0.4496,0.91583,0.006,0.34902,0.00405,0.00098,3.91885,6.85233,5.89228,0.0086332,0.00796653,0.00796653
4,547.723,0.47024,0.38848,0.85541,0.00051,0.00784,0.00026,4e-05,4.24523,5.9093,5.4084,0.00703,0.00703,0.00703
5,678.735,0.35699,0.32473,0.81564,0.02578,0.24118,0.02101,0.00501,3.00827,5.48963,3.34542,0.00604,0.00604,0.00604
6,809.369,0.32135,0.30375,0.80641,0.00604,0.03725,0.00314,0.00033,3.77642,5.90123,4.05136,0.00505,0.00505,0.00505
